time_group,description
2025-02-17 14:27:00,"a letter from the british embassy the three men are shown in a video screen the title for the game, ' s title, is shown in the title title a black background with the words speaking and an image of a blue text a man in a suit and tie is standing in front of a crowd a person in a dark room with a light on a group of people sitting around a table a cat is sitting on the floor and looking at something a woman is sitting in a chair and talking on a cell a woman in a black and white shirt is singing a man is holding a piece of paper a woman in a white robe is standing at a counter a man in a white shirt is standing in a room a man standing next to another man in a room a man and woman are standing in a room"
2025-02-17 14:30:00,a man is seen in the middle of a street after a car crashed into a tree in the morning a man is seen in the hallway of a building a group of people walking down a street a man is standing in a room with a microphone a person holding a camera in their hand a woman in a green shirt is standing in a room a man is walking down a hallway with a dog a person is watching a television screen a group of men standing in a room a woman in a green shirt is standing in the dark a man in a suit is holding a cell a clock with graffiti written on it a man in a suit and tie is staring at the camera a man in a white shirt is standing in a room a woman with long hair and a green shirt a man in a gray shirt is standing in a room a man in a suit and tie is standing in front of a camera a woman in a green shirt is standing in a room
2025-02-17 14:33:00,a woman with long hair and a black shirt a woman in a green shirt is standing in a room a man in a suit and tie is looking at the camera the logo for kcf a man in a white shirt is standing in a room a man in a brown shirt is talking to another man a man in a white shirt and a man in a white shirt a man in a suit is talking to someone a woman sitting at a table with a laptop a woman in a green vest is standing in front of a camera a man in a suit and tie is looking at the camera a car is seen in the dark with a light on it a man is dancing in the dark a woman in a white scarf is dancing a video of a man dancing on stage a man is dancing in the dark a man is standing in the dark a woman is hugging her boyfriend in the dark
2025-02-17 14:36:00,a baby is crying in the dark a group of people standing around a fire a man is being held by a woman a man in a field with a camera a man is dancing in the dark a man in a white shirt is standing in front of a window a man with long hair and a banda banda banda banda banda banda banda banda banda banda banda banda banda the wreckage of the plane that crashed in the philippines a crowd of people walking down a street a man in a suit is standing in the dark a woman in a black dress standing in a dark room a man is standing in the dark a man in a black shirt is dancing a man standing on a stage with a microphone a man in a black shirt is standing next to a woman a man in a black shirt is talking to another man a man in a black shirt standing in front of a crowd
2025-02-17 14:39:00,a man in a suit is standing in front of a pile of garbage a man in a blue shirt is standing in the dark a man in a white shirt is standing in the dark a man and woman standing in front of a fire a video of a man in a dark room a woman with long hair standing in front of a blue background a man is standing in the dark a large city with lots of buildings and buildings a man standing on the beach with his back to the camera a man in a black shirt is standing in front of a camera a group of people are dancing in the street a group of people sitting on a bench a man in a hat standing next to a car a group of people standing around a building a man in a room with a man in a suit a man in a white shirt and a white hat a man is sitting on the ground in a street a man is walking down a staircase
2025-02-17 14:42:00,a man with a black hat and a black shirt a man in a white shirt is standing in the street a young boy with a face painted in blue a person with a face painted in blue a man in a suit is standing in a room a man with a face painted in blue a man with a face painted purple and a black shirt a man in a white coat is dancing a man with a green shirt and a green shirt a man in a white suit is dancing a man is seen walking across the street in this image a man in a black shirt is standing in the dark a man standing in a room with a tv a man in a black shirt is holding a cell two men are standing in front of a crowd a person with a flower in their hand a man in a black jacket is standing in the dark a man standing in a dark room with a light on
2025-02-17 14:45:00,a man in a black shirt is standing in the dark a man is standing in front of a crowd a man in a suit holding a gun a man in a white jacket and a man in a black jacket a large container being loaded with boxes a black background with a white and black logo a man is standing in the back of a truck a man in a black shirt is standing in a dark room a man is standing in the dark a person holding a pair of hands in the air a group of people standing around a stage a crowd of people are gathered around a stage a group of people walking down a street a band playing on stage with lights on a man in a white shirt and black jacket a man in a blue shirt is standing in a room a video of a man being caught by a woman a group of people standing in a dark room
2025-02-17 14:48:00,a man with a beard and a beard is standing in front of a crowd a man in a white shirt and a white hat a group of people dancing in a crowd a man is holding a knife in his hand a man in a black shirt is dancing a man is standing in the dark with his arms outstretched a man in a black jacket is standing in front of a microphone a man in a mask and glasses singing into a microphone a man is standing in front of a crowd a video of a man dancing in a nightclub a man with a beard and a beard a man in a black shirt is dancing a man in a black suit standing in the dark a man in a blue shirt is standing in the dark a video of a man with a beard and a beard a man in a black suit standing in front of a dark background a man with a beard and a beard the wolverine trailer
2025-02-17 14:51:00,a black cat is standing in the dark a video of a man being taken from a vehicle a man is dancing in the dark a man in a blue shirt is dancing a man is standing in the dark with his head down a man in a car is seen through the window a man is standing in a dark room a man in a blue shirt is standing in front of a woman a man is being fucked by a woman a video of a man being held by a woman in a crowd a video of a person wearing a pair of shoes a man is walking down the street in a city a man standing on top of a roof a man is walking through a street with a gun a man walking through a tunnel in the snow a man is walking through a warehouse with a bunch of wood a man is standing in front of a pile of pipes a man is walking down the street with a skateboard
2025-02-17 14:54:00,a man is dancing in the street a man is dancing in the street while people watch a man is dancing in front of a crowd a man is walking down the street in a city a man is standing in front of a door a man in a suit is standing on a stage a man is seen on the roof of a building a man is walking down the street with a skateboard a man with long hair and glasses is singing a man with long hair and beards talking to another man a man is standing on a boat in the water a man is holding a gun in his hand a man is standing on a wall with a gun a man with dread dread dread dread dread dread dread dread dread dread dread dread dread dread dread dread dread a man in a suit and tie is talking on a cell a man is being fucked by a woman in a room a group of people are standing in the street a man in a black shirt is standing in front of a camera
2025-02-17 14:57:00,a boat is docked in the water a man in a yellow shirt is singing into a microphone a group of people standing on top of a boat a group of people standing around a stage a man is sitting in a chair with a guitar a man in a yellow shirt and tie a man in a black suit is playing a guitar a man is seen in the middle of a destroyed building a man in a white tuk is being held by a group of men a man standing on top of a motorcycle a man standing in front of a destroyed building a man with a beard and a mustache is seen in this video a man is seen in a video on the street a man with a beard and a beard a man in sunglasses is smoking a cigarette a video game with a man in a car a man with a beard and a beard a man with a beard and a white shirt is singing
2025-02-17 15:00:00,a man is holding a gun in his hand a man with a beard and sunglasses on a man in a suit and tie walking next to a car a black car is driving through a tunnel a black car is driving through a street a man in sunglasses and a white shirt a man with a beard and sunglasses on a man with a beard and sunglasses on a man with a beard and sunglasses on a man with long hair and sunglasses on a man with a beard and a beard a man with a beard and a beard a man with long hair and sunglasses on a man with sunglasses and a microphone in his hand a video of a man being held by a woman a man with long hair and a beard a man in a white jacket is standing in the snow
2025-02-17 15:03:00,a man with long hair and a beard a man with long hair and beards is standing in the rain a group of people standing in a room a group of people standing in a room a man with long hair and beards in the rain a man with long hair and beards in a purple shirt a man with long hair and beards in the rain a man with long hair and beards standing in the rain a man with long hair and beards in a room a man with long hair and beards in a room a man with long hair and beards is in the rain a man with long hair and beards is staring at the camera a man with a beard and a beard a man in a purple jacket is talking to another man a man with long hair and beards a man with a beard and a beard the walking dead season 3 trailer
2025-02-17 15:06:00,a man with long hair and a beard a man with a beard and a beard a man with a beard and a beard a man in a purple suit holding an umbrella a man with a beard and a beard a man with a beard and a beard a man standing in front of a group of people a man with a beard and a hat a man with long hair and beards standing in front of a body of water a man in a black shirt holding a black glove a man is standing on a stair in the dark a man is seen in the back of a car a man in a helmet and a helmet on a video of a man in a white shirt a car is parked in the street at night a man in a black shirt playing a guitar a man is seen in the middle of a crowd a man standing next to a car in the dark
2025-02-17 15:09:00,a man is dancing in the street while people watch a man in a black jacket standing next to a jeep a man standing in front of a crowd a couple kissing in the dark a man in a white shirt is standing in a crowd a group of people standing around a screen a man with a beard and a beard a man with a beard and a beard a video of a man dancing in a nightclub a man in a black jacket holding a microphone a man in a suit and tie is standing in front of a crowd a man with a beard and a beard a video of a man in a purple shirt a man in a black shirt is dancing a man with a guitar in his hand a man in a white shirt is dancing a man in a black jacket talking to another man a man with long hair and beards in a dark room
2025-02-17 15:12:00,a man in a black shirt standing in front of a light a man in a suit is standing in the dark a group of women dancing in a room a man with a beard and a beard in a dark room a man with a beard and a beard a man with a beard and a beard a man in a black jacket is standing next to a woman a man in a black shirt and sunglasses standing next to a woman a man in a black jacket standing in front of a crowd a man with a beard and a beard a man in a black shirt is singing into a microphone a car is seen in this image from the video a man in a white shirt is standing in the dark a man in a white shirt is dancing a man in a white shirt and a man in a white shirt a car is driving through a tunnel a man in a suit and tie standing next to another man a man standing in front of a door
2025-02-17 15:15:00,a man in a suit playing a guitar a man in a white shirt and a man in a blue shirt a man in a white shirt and a man in a blue shirt a man with a beard and a beard a video of a man being taken from a plane a man with a beard and a mustache a man with a mustache and a beard a man is being fucked by another a video of a man being assaulted by a woman a video of a building with a clock a man is standing in the dark a man in a black shirt holding a microphone a man in a chair is standing in front of a stage a man in a purple shirt and black shirt a couple kissing in a restaurant a man is standing in the dark a man standing in front of a window a man standing in front of a window
2025-02-17 15:18:00,a man in a suit and tie standing next to another man a man in a vest holding a microphone a car driving down a street with people in the background a group of people standing around a man in a suit a man is seen in the video of a car accident a woman in a white shirt is walking down a hallway a woman in a white shirt is standing in front of a black background a man is holding a woman in his arms a woman is hugging another woman in the back a man and woman in a white robe a group of people standing in a hallway a woman in a white shirt is standing in a room a man with a beard and a white shirt a car is driving down the street in the middle of the city a woman is sitting in the back seat of a car a green car is parked in front of a building a man driving a car with a blue face a man is laying on the ground in a street
2025-02-17 15:21:00,a man with a beard and a beard a man driving a car with a beard a man in a car with a beard a video of a man being taken from a car a man is being fucked by a woman in a car a woman is hugging her friend in the street a man is getting into a car a person in blue gloves is holding a gun a car is parked in a parking lot a man is sitting in the back of a car a man is getting into a car a man is standing next to a car a man standing next to a car a man in a white shirt standing next to a car a man in a white shirt and black pants standing next to a car a man in a white shirt and black pants is standing next to a car a man in a white shirt standing next to a car
2025-02-17 15:24:00,a man in a white shirt standing next to a car a man in a white shirt standing next to a car a man in a white shirt and tie standing next to a car a man in a white shirt and black pants is standing next to a car a man in a white shirt and sunglasses is standing on a street a man in a white shirt and a black mask a woman is hugging a man in a crowd a woman is hugging a man in a crowd a woman is hugging a man in a crowd a woman is hugging a man in a crowded street a woman is hugging a man in a crowded street a blue ball is on the ground a person is holding a bottle in their hand a person is walking down the street with a glove a man is being held by a woman a person is holding a baby in the back seat a person in blue gloves is holding a blue glove a woman with blue makeup is sitting in a car
2025-02-17 15:27:00,a woman with blue makeup is sitting in a car a woman with blue makeup is sitting in a car a man sitting in front of a car a man with a beard sitting on a bench a woman is hugging a man in the street a couple hugging each other people in a video a woman is holding a baby in her arms a woman in a car with a tie around her neck a man in a car with a woman behind him a woman driving a car while another watches a yellow jeep driving down a street next to a building a car is seen through the windshield of a driver a man with a beard and a white shirt a military truck is parked in the street a woman with blue makeup and a white face a man with a beard and a beard is walking down a street a man in a white shirt is standing in the dark
2025-02-17 15:30:00,a man is holding a cell phone a man in a dark room with a microphone a screen showing a video of a man in a suit a man is standing in front of a poster a man in a black shirt is talking to another man a man in a suit is standing in the dark a man in glasses is standing in a dark room a man in a suit is standing next to another man a video of a man in a suit and tie standing next to a car a man is dancing in the street while people watch a man is standing in the dark a man is singing into a microphone while others watch a man in a jail cell is seen in this image a man standing in front of a window a man standing in front of a window a man in a white shirt is holding a microphone a group of men in white shirts and tuks a man standing in front of a car
2025-02-17 15:33:00,a woman sitting at a table with a green shirt a man in a black jacket is sitting on a chair a woman sitting at a table with a cup a man in a suit is standing in front of a microphone a group of elephants walking down a street a man in a black suit standing next to a table a man in a white shirt is standing in the dark a man in a white shirt is standing in the dark a man is cutting a piece of wood a man is standing in front of a wall a group of people are waving in the air a white cat is standing on the balcony of a building a man in a suit is standing in the dark a man standing in front of a fire a man in a red jacket is playing a guitar a video of a group of people in the snow a man with a gun in his hand a man in a blue shirt standing in front of a white wall
2025-02-17 15:36:00,a man in a suit and a beard a man in a black shirt and a beard a man in a suit is standing in the dark a man in a black shirt is standing in the dark a man in a suit is holding a gun a man in a suit is standing in the dark a man in a black jacket is singing into a microphone a man in a black jacket singing into a microphone a man in a black jacket is singing into a microphone a man in a black jacket is singing into a microphone a man in a black jacket is singing into a microphone a man in a black jacket is singing into a microphone a man in a black shirt is singing into a microphone a man in a black shirt is singing into a microphone a man in a black shirt is singing into a microphone a woman singing on stage with a microphone a group of people dancing on stage
2025-02-17 15:39:00,a woman is dancing in the street a woman is dancing in the street at night time
